,jobs,machines,numInd,numGen,makespan, to_matrix_percentage,to_matrix_percentage
0,512.0,16.0,100.0,50.0,46400014.203125,50.0,
1,512.0,16.0,100.0,100.0,46400014.203125,50.0,
2,512.0,16.0,100.0,200.0,46400014.203125,50.0,
3,512.0,16.0,100.0,500.0,46400014.203125,50.0,
4,512.0,16.0,100.0,1000.0,46400014.203125,,0.5
5,512.0,16.0,200.0,50.0,46400014.203125,,0.5
6,512.0,16.0,200.0,100.0,46400014.203125,,0.5
7,512.0,16.0,200.0,200.0,46400014.203125,,0.5
8,512.0,16.0,200.0,500.0,46400014.203125,,0.5
